Time,Temperature,Humidity,Weather Description,Pressure,Wind Speed,Wind Direction,Cloudiness
2024-11-20 20:00:00,274.91,85,light snow,1012,2.57,260,75
2024-11-20 21:00:00,274.84,86,broken clouds,1012,3.6,250,75
2024-11-20 22:00:00,274.7,87,broken clouds,1011,3.6,270,75
2024-11-20 23:00:00,274.3,88,broken clouds,1010,2.06,270,75
2024-11-21 00:00:00,274.12,88,light rain,1008,2.06,330,75
2024-11-21 01:00:00,273.73,88,broken clouds,1007,2.06,340,75
2024-11-21 02:00:00,273.54,89,broken clouds,1006,2.06,210,75
2024-11-21 03:00:00,273.64,89,broken clouds,1005,1.54,350,75
2024-11-21 04:00:00,273.8,87,broken clouds,1005,3.6,10,75
2024-11-21 05:00:00,274.04,88,light snow,1004,3.6,10,75
2024-11-21 06:00:00,274.86,86,broken clouds,1004,3.09,360,75
2024-11-21 07:00:00,274.82,86,broken clouds,1003,3.6,360,75
2024-11-21 08:00:00,275.24,85,broken clouds,1003,5.14,350,75
2024-11-21 09:00:00,275.74,81,broken clouds,1003,4.63,360,75
2024-11-21 10:00:00,275.94,80,broken clouds,1004,4.63,350,75
2024-11-21 11:00:00,276.51,78,broken clouds,1004,4.12,330,75
2024-11-21 12:00:00,276.17,80,broken clouds,1003,3.6,310,75
2024-11-21 13:00:00,276.9,75,broken clouds,1003,4.63,290,75
2024-11-21 14:00:00,276.77,74,broken clouds,1003,4.63,260,75
2024-11-21 15:00:00,276.43,76,broken clouds,1003,5.66,270,75
2024-11-21 16:00:00,275.87,78,broken clouds,1003,5.66,270,75
2024-11-21 17:00:00,275.43,80,few clouds,1004,6.71,260,20
2024-11-21 18:00:00,275.25,82,few clouds,1004,7.15,260,20
2024-11-21 19:00:00,275.04,81,few clouds,1004,6.69,260,20
2024-11-19 20:00:00,274.11,89,light rain,1010,4.12,310,20
2024-11-19 21:00:00,273.8,89,light rain,1010,3.6,270,20
2024-11-19 22:00:00,273.4,90,light snow,1011,5.14,270,20
2024-11-19 23:00:00,273.69,89,light snow,1011,5.14,270,40
2024-11-20 00:00:00,273.8,89,light snow,1011,5.14,270,40
2024-11-20 01:00:00,274.19,87,light rain,1012,5.14,280,40
2024-11-20 02:00:00,273.69,88,light snow,1012,4.12,280,40
2024-11-20 03:00:00,274.02,90,light rain,1012,5.14,260,20
2024-11-20 04:00:00,273.82,90,light rain,1013,6.71,270,20
2024-11-20 05:00:00,273.59,90,snow,1013,6.71,270,20
2024-11-20 06:00:00,273.48,91,snow,1013,6.17,270,20
2024-11-20 07:00:00,273.48,90,few clouds,1013,5.66,280,20
2024-11-20 08:00:00,273.41,90,snow,1014,5.14,270,20
2024-11-20 09:00:00,273.81,88,few clouds,1014,6.17,270,20
2024-11-20 10:00:00,274.91,85,light rain,1015,5.14,250,20
2024-11-20 11:00:00,276.58,82,scattered clouds,1015,2.68,258,26
2024-11-20 12:00:00,276.47,85,broken clouds,1014,6.17,280,75
2024-11-20 13:00:00,277,81,scattered clouds,1014,4.12,260,40
2024-11-20 14:00:00,277.87,77,scattered clouds,1014,4.63,310,40
2024-11-20 15:00:00,278.08,74,scattered clouds,1014,3.6,310,40
2024-11-20 16:00:00,276.29,80,scattered clouds,1013,3.6,310,40
2024-11-20 17:00:00,275.61,84,broken clouds,1013,3.6,280,75
2024-11-20 18:00:00,275.33,84,broken clouds,1013,3.58,270,75
2024-11-20 19:00:00,275.01,84,broken clouds,1013,1.54,0,75
2024-11-18 20:00:00,278.91,94,broken clouds,1002,7.2,70,75
2024-11-18 21:00:00,278.5,94,light rain,1002,7.2,70,75
2024-11-18 22:00:00,278.35,94,broken clouds,1001,7.2,60,75
2024-11-18 23:00:00,278.26,94,broken clouds,1001,6.69,70,75
2024-11-19 00:00:00,278.17,94,broken clouds,1000,5.66,80,75
2024-11-19 01:00:00,278.17,95,light rain,1000,7.72,90,75
2024-11-19 02:00:00,278.05,94,moderate rain,1000,6.69,80,75
2024-11-19 03:00:00,277.92,94,light rain,999,6.69,80,75
2024-11-19 04:00:00,278.16,94,light rain,998,6.17,80,75
2024-11-19 05:00:00,278.17,94,moderate rain,999,7.2,60,75
2024-11-19 06:00:00,277.75,93,light rain,999,7.72,60,75
2024-11-19 07:00:00,277.63,91,light rain,1000,5.66,60,75
2024-11-19 08:00:00,277.67,90,light rain,1001,7.2,40,75
2024-11-19 09:00:00,276.94,89,light rain,1002,5.14,70,75
2024-11-19 10:00:00,277.9,88,broken clouds,1002,5.14,80,75
2024-11-19 11:00:00,277.75,89,light rain,1002,6.17,40,75
2024-11-19 12:00:00,277.53,91,light rain,1002,5.14,110,75
2024-11-19 13:00:00,277.27,91,broken clouds,1003,5.14,100,75
2024-11-19 14:00:00,277.5,91,light rain,1003,2.57,340,75
2024-11-19 15:00:00,277.53,90,broken clouds,1004,3.6,40,75
2024-11-19 16:00:00,277.58,91,broken clouds,1005,3.09,320,75
2024-11-19 17:00:00,276.47,90,broken clouds,1006,4.63,340,75
2024-11-19 18:00:00,275.79,88,broken clouds,1008,5.14,330,75
2024-11-19 19:00:00,275.13,89,scattered clouds,1009,0.45,256,39
2024-11-17 20:00:00,281.28,94,light rain,1014,2.06,300,75
2024-11-17 21:00:00,281.28,94,broken clouds,1014,1.03,0,75
2024-11-17 22:00:00,281.11,93,broken clouds,1014,2.06,310,75
2024-11-17 23:00:00,280.92,93,broken clouds,1014,2.57,280,75
2024-11-18 00:00:00,280.69,93,overcast clouds,1014,1.89,341,99
2024-11-18 01:00:00,280.48,94,scattered clouds,1014,2.06,300,40
2024-11-18 02:00:00,279.97,94,overcast clouds,1014,0.89,288,100
2024-11-18 03:00:00,279.15,94,overcast clouds,1013,1.24,288,100
2024-11-18 04:00:00,278.19,94,overcast clouds,1013,1.23,280,100
2024-11-18 05:00:00,278.09,94,overcast clouds,1013,1.19,318,100
2024-11-18 06:00:00,277.41,94,overcast clouds,1013,1.74,348,100
2024-11-18 07:00:00,277.59,94,overcast clouds,1012,0.85,2,100
2024-11-18 08:00:00,277.61,95,light rain,1012,2.57,280,75
2024-11-18 09:00:00,277.93,96,light rain,1012,0.51,0,75
2024-11-18 10:00:00,278.91,94,light rain,1011,1.54,90,75
2024-11-18 11:00:00,279.6,94,light rain,1011,2.57,120,75
2024-11-18 12:00:00,279.71,94,light rain,1010,3.09,120,75
2024-11-18 13:00:00,279.41,93,light rain,1008,4.12,90,75
2024-11-18 14:00:00,279.14,93,light rain,1007,4.12,110,75
2024-11-18 15:00:00,278.95,94,broken clouds,1005,5.66,80,75
2024-11-18 16:00:00,278.95,95,light rain,1004,5.66,90,75
2024-11-18 17:00:00,279.31,94,light intensity drizzle rain,1002,7.72,90,75
2024-11-18 18:00:00,278.93,94,broken clouds,1002,6.69,70,75
2024-11-18 19:00:00,278.9,94,broken clouds,1002,5.14,90,75
2024-11-16 20:00:00,280.48,88,broken clouds,1019,6.17,280,75
2024-11-16 21:00:00,280.62,88,broken clouds,1020,5.66,270,75
2024-11-16 22:00:00,280.48,89,broken clouds,1020,5.66,270,75
2024-11-16 23:00:00,280.48,88,broken clouds,1020,5.14,270,75
2024-11-17 00:00:00,280.48,88,broken clouds,1019,5.66,270,75
2024-11-17 01:00:00,280.29,88,broken clouds,1019,5.66,270,75
2024-11-17 02:00:00,280.4,88,broken clouds,1019,6.17,270,75
2024-11-17 03:00:00,280.4,86,light rain,1019,5.14,260,75
2024-11-17 04:00:00,280.29,88,broken clouds,1018,5.66,270,75
2024-11-17 05:00:00,280.15,89,broken clouds,1018,5.14,260,75
2024-11-17 06:00:00,280.62,89,broken clouds,1018,5.14,270,75
2024-11-17 07:00:00,280.62,89,broken clouds,1018,5.14,270,75
2024-11-17 08:00:00,280.92,88,broken clouds,1018,3.6,250,75
2024-11-17 09:00:00,281.12,89,broken clouds,1018,2.57,240,75
2024-11-17 10:00:00,282.39,87,overcast clouds,1017,1.34,280,100
2024-11-17 11:00:00,282.81,86,broken clouds,1017,3.6,240,75
2024-11-17 12:00:00,283.5,85,overcast clouds,1015,2.24,233,100
2024-11-17 13:00:00,283.79,86,broken clouds,1015,4.12,250,75
2024-11-17 14:00:00,283.83,83,broken clouds,1014,7.72,280,75
2024-11-17 15:00:00,283.44,85,broken clouds,1014,6.17,290,75
2024-11-17 16:00:00,282.99,88,overcast clouds,1014,2.24,278,100
2024-11-17 17:00:00,281.84,91,light intensity drizzle rain,1014,4.63,280,75
2024-11-17 18:00:00,281.84,91,light intensity drizzle,1014,3.6,270,75
2024-11-17 19:00:00,281.77,92,light intensity drizzle rain,1014,2.57,280,75
2024-11-15 20:00:00,285.05,91,light intensity drizzle,1023,3.09,240,75
2024-11-15 21:00:00,285.18,91,light intensity drizzle,1022,3.6,250,75
2024-11-15 22:00:00,285.09,91,light intensity drizzle,1022,4.12,230,75
2024-11-15 23:00:00,284.88,91,light intensity drizzle,1022,3.6,240,75
2024-11-16 00:00:00,284.78,92,light intensity drizzle,1021,3.6,240,75
2024-11-16 01:00:00,284.75,92,light intensity drizzle,1020,4.12,250,75
2024-11-16 02:00:00,284.57,93,broken clouds,1020,4.12,250,75
2024-11-16 03:00:00,284.64,93,broken clouds,1020,4.12,240,75
2024-11-16 04:00:00,284.34,93,broken clouds,1019,4.12,240,75
2024-11-16 05:00:00,284.57,93,light intensity drizzle,1019,5.66,270,75
2024-11-16 06:00:00,284.64,92,light intensity drizzle,1019,3.6,250,75
2024-11-16 07:00:00,284.49,94,broken clouds,1019,3.09,250,75
2024-11-16 08:00:00,283.44,94,broken clouds,1019,5.14,350,75
2024-11-16 09:00:00,281.97,93,broken clouds,1020,4.12,330,75
2024-11-16 10:00:00,281.89,92,broken clouds,1020,3.09,300,75
2024-11-16 11:00:00,282.65,88,broken clouds,1020,3.6,280,75
2024-11-16 12:00:00,283.24,83,broken clouds,1020,4.12,270,75
2024-11-16 13:00:00,283.44,80,scattered clouds,1020,4.63,290,40
2024-11-16 14:00:00,283.61,75,broken clouds,1019,5.14,280,75
2024-11-16 15:00:00,283.51,77,broken clouds,1019,5.66,280,75
2024-11-16 16:00:00,282.56,82,broken clouds,1019,5.66,290,75
2024-11-16 17:00:00,281.47,88,broken clouds,1019,5.14,280,75
2024-11-16 18:00:00,280.7,89,scattered clouds,1019,5.14,270,40
2024-11-16 19:00:00,280.75,89,broken clouds,1019,5.14,270,75
2024-11-14 20:00:00,285.75,97,mist,1032,0,0,75
2024-11-14 21:00:00,285.75,97,mist,1032,1.03,200,75
2024-11-14 22:00:00,285.75,96,broken clouds,1032,0,0,75
2024-11-14 23:00:00,285.75,97,broken clouds,1031,0.51,0,75
2024-11-15 00:00:00,285.62,96,light intensity drizzle,1030,0.51,0,75
2024-11-15 01:00:00,285.52,96,light intensity drizzle,1029,0.51,0,75
2024-11-15 02:00:00,285.52,95,light intensity drizzle,1029,1.03,0,75
2024-11-15 03:00:00,285.37,96,light intensity drizzle,1029,0.51,240,75
2024-11-15 04:00:00,285.18,96,light intensity drizzle,1028,1.03,220,75
2024-11-15 05:00:00,285.05,96,light intensity drizzle,1028,1.54,0,75
2024-11-15 06:00:00,285.05,96,mist,1027,2.06,230,75
2024-11-15 07:00:00,284.96,96,light intensity drizzle,1027,2.57,220,75
2024-11-15 08:00:00,284.64,97,broken clouds,1027,1.54,0,75
2024-11-15 09:00:00,284.95,97,broken clouds,1027,4.63,230,75
2024-11-15 10:00:00,285.37,95,broken clouds,1026,4.63,230,75
2024-11-15 11:00:00,285.4,96,light intensity drizzle,1026,5.14,250,75
2024-11-15 12:00:00,285.4,95,light intensity drizzle,1026,5.14,240,75
2024-11-15 13:00:00,285.73,95,light intensity drizzle,1025,5.14,230,75
2024-11-15 14:00:00,285.86,93,broken clouds,1024,5.66,240,75
2024-11-15 15:00:00,285.84,90,broken clouds,1023,5.66,240,75
2024-11-15 16:00:00,285.91,87,broken clouds,1023,6.17,240,75
2024-11-15 17:00:00,285.45,89,light intensity drizzle,1023,6.69,230,75
2024-11-15 18:00:00,285.29,90,broken clouds,1023,3.6,230,75
2024-11-15 19:00:00,285.17,90,broken clouds,1023,3.6,240,75
2024-11-13 20:00:00,282.65,95,overcast clouds,1037,0.89,240,88
2024-11-13 21:00:00,283.34,95,overcast clouds,1037,1.79,269,93
2024-11-13 22:00:00,283.85,95,overcast clouds,1037,1.79,279,95
2024-11-13 23:00:00,284.12,95,overcast clouds,1037,0.89,267,96
2024-11-14 00:00:00,284.21,95,overcast clouds,1036,1.34,284,99
2024-11-14 01:00:00,284.61,95,overcast clouds,1036,1.34,290,100
2024-11-14 02:00:00,284.49,94,mist,1036,4.12,270,75
2024-11-14 03:00:00,284.77,95,overcast clouds,1035,0.89,261,100
2024-11-14 04:00:00,285.07,95,overcast clouds,1035,0.89,263,99
2024-11-14 05:00:00,285.16,95,overcast clouds,1035,0.89,244,96
2024-11-14 06:00:00,285.06,96,mist,1035,4.63,280,75
2024-11-14 07:00:00,285.06,96,broken clouds,1035,3.6,290,75
2024-11-14 08:00:00,285.42,96,broken clouds,1035,4.12,290,75
2024-11-14 09:00:00,285.58,96,broken clouds,1035,3.09,300,75
2024-11-14 10:00:00,285.93,97,broken clouds,1035,2.57,310,75
2024-11-14 11:00:00,286.31,95,broken clouds,1035,1.54,0,75
2024-11-14 12:00:00,286.42,95,light intensity drizzle,1034,2.06,280,75
2024-11-14 13:00:00,286.76,94,light intensity drizzle,1034,2.57,20,75
2024-11-14 14:00:00,286.76,94,light intensity drizzle,1033,1.54,0,75
2024-11-14 15:00:00,286.76,95,light intensity drizzle,1033,0.51,0,75
2024-11-14 16:00:00,286.64,96,mist,1033,2.06,270,75
2024-11-14 17:00:00,286.41,95,mist,1033,2.06,290,75
2024-11-14 18:00:00,285.99,96,broken clouds,1032,1.03,0,75
2024-11-14 19:00:00,285.99,97,mist,1032,1.03,360,75
2024-11-12 20:00:00,279.1,92,few clouds,1040,0.38,331,22
2024-11-12 21:00:00,278.07,94,few clouds,1040,1.54,270,20
2024-11-12 22:00:00,278.02,93,few clouds,1040,3.09,290,20
2024-11-12 23:00:00,278.26,95,few clouds,1040,3.09,270,20
2024-11-13 00:00:00,278,94,few clouds,1039,4.63,280,20
2024-11-13 01:00:00,277.46,93,few clouds,1039,3.6,270,20
2024-11-13 02:00:00,277.21,94,few clouds,1039,0.89,276,12
2024-11-13 03:00:00,276.52,95,few clouds,1039,1.54,0,20
2024-11-13 04:00:00,276.81,94,clear sky,1039,0.45,292,10
2024-11-13 05:00:00,276.91,94,few clouds,1039,0.89,255,15
2024-11-13 06:00:00,276.92,95,clear sky,1038,0.89,292,9
2024-11-13 07:00:00,276.95,95,scattered clouds,1038,1.34,253,25
2024-11-13 08:00:00,277.12,95,few clouds,1039,1.34,343,23
2024-11-13 09:00:00,278.4,96,fog,1039,2.57,250,100
2024-11-13 10:00:00,279.53,96,fog,1039,3.6,270,75
2024-11-13 11:00:00,280.06,97,mist,1039,3.6,270,75
2024-11-13 12:00:00,282.37,95,broken clouds,1039,3.09,250,75
2024-11-13 13:00:00,282.98,93,broken clouds,1038,4.12,280,75
2024-11-13 14:00:00,283.23,85,broken clouds,1038,3.6,250,75
2024-11-13 15:00:00,283.32,86,broken clouds,1038,4.12,250,75
2024-11-13 16:00:00,282.52,90,light intensity drizzle,1038,3.6,250,75
2024-11-13 17:00:00,282.33,94,mist,1038,3.09,240,75
2024-11-13 18:00:00,282.88,94,overcast clouds,1037,0.89,252,99
2024-11-13 19:00:00,282.15,94,broken clouds,1037,1.34,252,80
2024-11-11 20:00:00,279.26,91,broken clouds,1041,0.67,275,82
2024-11-11 21:00:00,278.43,93,fog,1041,1.54,290,20
2024-11-11 22:00:00,277.85,94,fog,1041,1.03,270,20
2024-11-11 23:00:00,277.63,94,fog,1041,3.09,280,20
2024-11-12 00:00:00,277.48,94,mist,1040,3.09,290,20
2024-11-12 01:00:00,278.34,94,overcast clouds,1040,0.37,278,85
2024-11-12 02:00:00,277.18,96,few clouds,1040,2.57,290,20
2024-11-12 03:00:00,278.08,95,broken clouds,1040,0.71,287,67
2024-11-12 04:00:00,278.46,96,broken clouds,1041,0.47,295,75
2024-11-12 05:00:00,277.63,95,broken clouds,1040,1.07,246,82
2024-11-12 06:00:00,278.08,95,broken clouds,1041,0.75,268,73
2024-11-12 07:00:00,278.08,97,overcast clouds,1040,0.83,265,100
2024-11-12 08:00:00,278.08,97,overcast clouds,1041,0.81,293,100
2024-11-12 09:00:00,277.2,98,broken clouds,1041,3.6,280,75
2024-11-12 10:00:00,278.51,99,broken clouds,1041,3.09,280,75
2024-11-12 11:00:00,280.28,94,overcast clouds,1040,0.89,330,100
2024-11-12 12:00:00,282.66,93,overcast clouds,1041,0.89,251,100
2024-11-12 13:00:00,282.78,89,broken clouds,1040,2.57,310,75
2024-11-12 14:00:00,283.54,86,broken clouds,1040,2.06,20,75
2024-11-12 15:00:00,283.74,87,scattered clouds,1040,2.06,340,40
2024-11-12 16:00:00,283.4,87,broken clouds,1040,2.06,360,75
2024-11-12 17:00:00,281.67,89,broken clouds,1040,1.54,0,75
2024-11-12 18:00:00,279.98,91,broken clouds,1040,2.06,340,75
2024-11-12 19:00:00,279.89,91,few clouds,1040,0.7,358,18
2024-11-10 20:00:00,282.68,88,broken clouds,1032,2.3,291,84
2024-11-10 21:00:00,281.92,90,clear sky,1032,3.09,270,0
2024-11-10 22:00:00,281.33,91,clear sky,1033,3.6,280,0
2024-11-10 23:00:00,281.22,91,broken clouds,1034,3.6,290,75
2024-11-11 00:00:00,280.98,92,broken clouds,1034,3.09,300,75
2024-11-11 01:00:00,281.02,93,broken clouds,1035,3.09,290,75
2024-11-11 02:00:00,281.01,92,overcast clouds,1035,1.81,277,100
2024-11-11 03:00:00,280.6,92,overcast clouds,1035,2.06,270,100
2024-11-11 04:00:00,279.79,94,scattered clouds,1035,3.6,280,40
2024-11-11 05:00:00,279.99,93,broken clouds,1036,3.09,270,75
2024-11-11 06:00:00,279.83,93,broken clouds,1036,3.6,270,75
2024-11-11 07:00:00,279.66,93,broken clouds,1037,3.6,270,75
2024-11-11 08:00:00,278.63,95,scattered clouds,1038,3.6,270,40
2024-11-11 09:00:00,279.18,95,broken clouds,1038,3.09,280,75
2024-11-11 10:00:00,280.58,95,scattered clouds,1039,3.09,280,40
2024-11-11 11:00:00,282.19,95,broken clouds,1039,1.54,250,75
2024-11-11 12:00:00,282.92,93,scattered clouds,1039,2.06,280,40
2024-11-11 13:00:00,283.57,92,broken clouds,1039,2.57,270,75
2024-11-11 14:00:00,284.09,88,broken clouds,1038,2.06,270,75
2024-11-11 15:00:00,284.45,86,broken clouds,1039,1.54,0,75
2024-11-11 16:00:00,283.91,82,broken clouds,1039,2.06,300,75
2024-11-11 17:00:00,281.77,88,few clouds,1039,2.06,320,20
2024-11-11 18:00:00,280.2,92,few clouds,1040,1.54,310,20
2024-11-11 19:00:00,279.39,91,few clouds,1041,1.54,0,20
2024-11-09 20:00:00,285.5,94,broken clouds,1022,3.09,140,75
2024-11-09 21:00:00,285.53,92,broken clouds,1023,2.06,140,75
2024-11-09 22:00:00,285.53,92,broken clouds,1023,1.54,0,75
2024-11-09 23:00:00,285.72,92,broken clouds,1022,2.06,140,75
2024-11-10 00:00:00,286.05,91,broken clouds,1022,1.54,180,75
2024-11-10 01:00:00,285.53,90,overcast clouds,1022,0.45,92,100
2024-11-10 02:00:00,285.47,92,broken clouds,1022,1.54,0,75
2024-11-10 03:00:00,285.61,93,light intensity drizzle,1022,1.54,0,75
2024-11-10 04:00:00,285.55,93,broken clouds,1023,2.57,160,75
2024-11-10 05:00:00,285.1,94,broken clouds,1023,1.03,0,75
2024-11-10 06:00:00,285.52,93,broken clouds,1023,1.54,160,75
2024-11-10 07:00:00,286.23,92,light rain,1023,2.06,230,75
2024-11-10 08:00:00,286.43,95,broken clouds,1024,3.09,240,75
2024-11-10 09:00:00,286.73,94,broken clouds,1024,3.09,240,75
2024-11-10 10:00:00,287.28,93,broken clouds,1025,3.6,240,75
2024-11-10 11:00:00,287.49,92,broken clouds,1025,5.14,260,75
2024-11-10 12:00:00,288.24,90,broken clouds,1026,3.6,250,75
2024-11-10 13:00:00,288.02,90,broken clouds,1026,4.63,260,75
2024-11-10 14:00:00,288.3,88,broken clouds,1026,5.14,280,75
2024-11-10 15:00:00,287.46,90,broken clouds,1027,5.14,310,75
2024-11-10 16:00:00,285.85,88,light intensity drizzle,1028,7.2,320,75
2024-11-10 17:00:00,285.33,88,scattered clouds,1030,4.63,330,40
2024-11-10 18:00:00,284.84,87,broken clouds,1031,0.45,273,76
2024-11-10 19:00:00,283.02,88,clear sky,1031,2.06,260,0
2024-11-08 20:00:00,284.7,92,light intensity drizzle,1022,4.12,160,75
2024-11-08 21:00:00,284.7,92,light intensity drizzle,1022,4.12,160,75
2024-11-08 22:00:00,284.7,91,broken clouds,1023,3.6,160,75
2024-11-08 23:00:00,284.69,91,broken clouds,1022,4.12,160,75
2024-11-09 00:00:00,284.56,91,light intensity drizzle,1022,3.09,160,75
2024-11-09 01:00:00,284.47,90,broken clouds,1022,4.12,150,75
2024-11-09 02:00:00,284.47,90,broken clouds,1022,2.57,150,75
2024-11-09 03:00:00,284.37,90,broken clouds,1022,3.09,150,75
2024-11-09 04:00:00,284.24,91,light intensity drizzle,1022,3.09,150,75
2024-11-09 05:00:00,283.94,94,light intensity drizzle,1022,2.57,150,75
2024-11-09 06:00:00,283.92,94,light intensity drizzle,1022,2.06,150,75
2024-11-09 07:00:00,284.07,95,light intensity drizzle,1022,3.09,130,75
2024-11-09 08:00:00,284.3,94,broken clouds,1022,4.12,130,75
2024-11-09 09:00:00,284.66,92,broken clouds,1022,3.6,130,75
2024-11-09 10:00:00,284.79,92,broken clouds,1022,4.63,140,75
2024-11-09 11:00:00,284.9,91,broken clouds,1023,4.63,140,75
2024-11-09 12:00:00,285,92,broken clouds,1023,5.14,140,75
2024-11-09 13:00:00,284.98,91,broken clouds,1022,5.66,150,75
2024-11-09 14:00:00,285.38,91,broken clouds,1022,5.14,150,75
2024-11-09 15:00:00,285.45,91,broken clouds,1022,4.12,140,75
2024-11-09 16:00:00,285.38,92,broken clouds,1022,3.09,140,75
2024-11-09 17:00:00,285.38,92,broken clouds,1022,4.12,140,75
2024-11-09 18:00:00,285.26,92,broken clouds,1022,4.12,150,75
2024-11-09 19:00:00,285.49,94,broken clouds,1022,3.6,140,75
2024-11-07 20:00:00,286.93,86,scattered clouds,1025,2.57,140,40
2024-11-07 21:00:00,287,84,broken clouds,1025,3.58,103,75
2024-11-07 22:00:00,286.67,90,broken clouds,1025,3.6,130,75
2024-11-07 23:00:00,286.81,89,broken clouds,1024,4.63,140,75
2024-11-08 00:00:00,286.6,89,broken clouds,1024,5.14,140,75
2024-11-08 01:00:00,286.22,90,light intensity drizzle,1024,5.14,150,75
2024-11-08 02:00:00,286.02,90,broken clouds,1023,6.69,150,75
2024-11-08 03:00:00,285.71,88,broken clouds,1023,5.14,150,75
2024-11-08 04:00:00,285.32,87,broken clouds,1023,6.17,150,75
2024-11-08 05:00:00,285.15,87,broken clouds,1023,6.69,150,75
2024-11-08 06:00:00,284.91,87,broken clouds,1023,6.17,140,75
2024-11-08 07:00:00,284.83,87,broken clouds,1023,4.63,150,75
2024-11-08 08:00:00,284.93,87,broken clouds,1023,4.12,150,75
2024-11-08 09:00:00,285.21,86,broken clouds,1023,5.14,130,75
2024-11-08 10:00:00,285.84,87,broken clouds,1023,3.6,140,75
2024-11-08 11:00:00,286.2,87,broken clouds,1023,5.14,120,75
2024-11-08 12:00:00,286.46,87,broken clouds,1022,4.63,140,75
2024-11-08 13:00:00,286.89,86,broken clouds,1022,4.63,150,75
2024-11-08 14:00:00,286.58,88,broken clouds,1022,4.63,150,75
2024-11-08 15:00:00,286.25,89,broken clouds,1022,4.63,150,75
2024-11-08 16:00:00,286.08,90,light intensity drizzle,1022,5.14,140,75
2024-11-08 17:00:00,285.27,92,broken clouds,1022,4.63,140,75
2024-11-08 18:00:00,285.02,92,broken clouds,1022,4.12,140,75
2024-11-08 19:00:00,284.79,92,light intensity drizzle,1022,4.63,140,75
2024-11-06 20:00:00,287.8,92,light intensity drizzle,1028,4.12,140,75
2024-11-06 21:00:00,287.5,94,broken clouds,1028,5.66,150,75
2024-11-06 22:00:00,287.55,95,broken clouds,1028,5.66,150,75
2024-11-06 23:00:00,287.5,94,broken clouds,1027,4.12,170,75
2024-11-07 00:00:00,287.63,92,broken clouds,1027,5.66,160,75
2024-11-07 01:00:00,287.41,95,broken clouds,1027,6.17,160,75
2024-11-07 02:00:00,287.63,92,mist,1027,4.63,130,75
2024-11-07 03:00:00,287.08,95,broken clouds,1026,5.14,140,75
2024-11-07 04:00:00,287.11,90,broken clouds,1026,4.12,140,75
2024-11-07 05:00:00,286.52,94,broken clouds,1026,6.69,150,75
2024-11-07 06:00:00,286.5,94,broken clouds,1026,8.75,160,75
2024-11-07 07:00:00,286.44,89,broken clouds,1026,7.2,160,75
2024-11-07 08:00:00,286.44,89,broken clouds,1026,6.17,150,75
2024-11-07 09:00:00,286.41,87,broken clouds,1026,5.81,150,75
2024-11-07 10:00:00,286.69,91,light intensity drizzle,1026,4.63,160,75
2024-11-07 11:00:00,287.17,88,light intensity drizzle,1025,4.12,120,75
2024-11-07 12:00:00,288.12,87,broken clouds,1025,5.66,170,75
2024-11-07 13:00:00,288.21,84,light intensity drizzle,1025,6.17,170,75
2024-11-07 14:00:00,288.6,81,light intensity drizzle,1025,7.72,170,75
2024-11-07 15:00:00,288.3,80,broken clouds,1024,5.14,130,75
2024-11-07 16:00:00,287.75,82,scattered clouds,1024,6.17,160,40
2024-11-07 17:00:00,287.49,84,light intensity drizzle,1024,5.14,170,75
2024-11-07 18:00:00,286.93,87,scattered clouds,1024,5.14,170,40
2024-11-07 19:00:00,286.69,87,broken clouds,1024,5.66,170,75
2024-11-05 20:00:00,285.51,92,broken clouds,1021,1.54,0,75
2024-11-05 21:00:00,285.87,92,broken clouds,1022,1.54,0,75
2024-11-05 22:00:00,286.11,93,scattered clouds,1022,2.06,180,40
2024-11-05 23:00:00,286.81,93,broken clouds,1022,2.57,150,75
2024-11-06 00:00:00,287.06,93,scattered clouds,1023,3.6,150,40
2024-11-06 01:00:00,286.96,94,broken clouds,1023,3.6,140,75
2024-11-06 02:00:00,286.96,94,broken clouds,1023,4.63,150,75
2024-11-06 03:00:00,287.04,92,broken clouds,1023,3.6,150,75
2024-11-06 04:00:00,287.11,93,broken clouds,1023,2.06,150,75
2024-11-06 05:00:00,286.77,93,broken clouds,1024,1.54,150,75
2024-11-06 07:00:00,287.26,92,broken clouds,1026,2.57,150,75
2024-11-06 08:00:00,287.31,92,broken clouds,1026,2.24,150,75
2024-11-06 09:00:00,287.97,91,broken clouds,1026,2.06,150,75
2024-11-06 10:00:00,288.63,91,scattered clouds,1026,4.12,190,40
2024-11-06 11:00:00,289.71,88,broken clouds,1027,2.57,150,75
2024-11-06 12:00:00,290.24,84,scattered clouds,1027,4.63,140,40
2024-11-06 13:00:00,290.81,83,broken clouds,1026,4.12,150,75
2024-11-06 14:00:00,290.76,82,broken clouds,1026,5.14,190,75
2024-11-06 15:00:00,290.56,82,broken clouds,1027,4.12,140,75
2024-11-06 16:00:00,289.96,82,broken clouds,1027,4.12,150,75
2024-11-06 17:00:00,289.23,86,broken clouds,1026,4.63,150,75
2024-11-06 18:00:00,288.78,87,broken clouds,1027,3.09,150,75
2024-11-06 19:00:00,288.69,88,broken clouds,1027,3.09,150,75
2024-11-04 20:00:00,283.92,86,broken clouds,1023,2.06,100,75
2024-11-04 21:00:00,283.98,84,broken clouds,1023,2.06,140,75
2024-11-04 22:00:00,284.14,83,broken clouds,1022,1.54,150,75
2024-11-04 23:00:00,283.85,83,broken clouds,1022,1.54,0,75
2024-11-05 00:00:00,283.9,82,broken clouds,1021,2.06,160,75
2024-11-05 01:00:00,283.73,83,broken clouds,1021,2.06,150,75
2024-11-05 02:00:00,283.68,85,broken clouds,1021,2.06,100,75
2024-11-05 03:00:00,283.94,86,broken clouds,1020,3.09,120,75
2024-11-05 04:00:00,284.27,86,broken clouds,1020,3.6,100,75
2024-11-05 05:00:00,283.93,85,broken clouds,1020,3.09,120,75
2024-11-05 06:00:00,284.46,82,broken clouds,1020,2.06,170,75
2024-11-05 07:00:00,284.12,85,broken clouds,1020,2.06,150,75
2024-11-05 08:00:00,284.66,86,broken clouds,1020,2.06,100,75
2024-11-05 09:00:00,284.95,90,broken clouds,1020,3.09,100,75
2024-11-05 10:00:00,285.27,90,broken clouds,1020,3.6,140,75
2024-11-05 11:00:00,285.79,93,light intensity drizzle,1020,3.6,140,75
2024-11-05 12:00:00,286.17,95,light intensity drizzle,1020,4.12,140,75
2024-11-05 13:00:00,286.9,94,broken clouds,1019,2.68,189,75
2024-11-05 14:00:00,287.13,92,broken clouds,1019,3.09,150,75
2024-11-05 15:00:00,287.89,87,broken clouds,1019,4.63,170,75
2024-11-05 16:00:00,287.86,87,broken clouds,1019,5.14,190,75
2024-11-05 17:00:00,287.01,91,broken clouds,1020,3.09,190,75
2024-11-05 18:00:00,286.28,91,broken clouds,1020,2.57,150,75
2024-11-05 19:00:00,285.64,92,broken clouds,1021,2.68,150,75
2024-11-03 20:00:00,285.08,91,light intensity drizzle,1026,2.57,150,75
2024-11-03 21:00:00,285.25,91,light intensity drizzle,1026,1.54,0,75
2024-11-03 22:00:00,285.49,89,broken clouds,1026,2.06,160,75
2024-11-03 23:00:00,285.37,89,broken clouds,1026,2.06,160,75
2024-11-04 00:00:00,285.46,89,light intensity drizzle,1026,2.57,150,75
2024-11-04 01:00:00,285.36,90,light intensity drizzle,1026,3.6,140,75
2024-11-04 02:00:00,285.25,90,light intensity drizzle,1026,3.6,140,75
2024-11-04 03:00:00,285.27,91,light intensity drizzle,1025,3.6,140,75
2024-11-04 04:00:00,285.02,92,light intensity drizzle,1025,3.09,150,75
2024-11-04 05:00:00,284.83,92,light intensity drizzle,1025,2.06,180,75
2024-11-04 06:00:00,284.69,93,broken clouds,1024,3.09,150,75
2024-11-04 07:00:00,284.68,92,broken clouds,1024,3.6,150,75
2024-11-04 08:00:00,284.68,92,light intensity drizzle,1025,2.57,150,75
2024-11-04 09:00:00,284.64,92,broken clouds,1025,3.09,130,75
2024-11-04 10:00:00,285.33,86,broken clouds,1025,4.12,120,75
2024-11-04 11:00:00,285.45,86,broken clouds,1025,3.6,150,75
2024-11-04 12:00:00,285.8,86,broken clouds,1024,4.47,150,75
2024-11-04 13:00:00,286.09,83,broken clouds,1024,3.6,140,75
2024-11-04 14:00:00,286.09,82,broken clouds,1023,3.6,140,75
2024-11-04 15:00:00,286.2,79,broken clouds,1023,4.63,120,75
2024-11-04 16:00:00,285.78,80,broken clouds,1023,4.63,120,75
2024-11-04 17:00:00,285.34,80,broken clouds,1023,3.6,120,75
2024-11-04 18:00:00,284.77,83,broken clouds,1023,3.6,90,75
2024-11-04 19:00:00,284.42,84,broken clouds,1023,3.09,90,75
2024-11-02 20:00:00,284.5,88,broken clouds,1029,3.09,150,75
2024-11-02 21:00:00,284.3,89,broken clouds,1029,2.06,150,75
2024-11-02 22:00:00,284.5,89,broken clouds,1029,1.54,0,75
2024-11-02 23:00:00,284.35,91,light intensity drizzle,1029,2.06,150,75
2024-11-03 00:00:00,284.24,92,light intensity drizzle,1029,1.54,0,75
2024-11-03 01:00:00,284.24,92,light intensity drizzle,1029,1.03,0,75
2024-11-03 02:00:00,284.25,93,broken clouds,1029,0.51,360,75
2024-11-03 03:00:00,284.3,92,broken clouds,1028,0.89,165,75
2024-11-03 04:00:00,284.3,94,broken clouds,1028,1.03,0,75
2024-11-03 05:00:00,284.25,94,broken clouds,1028,0.51,0,75
2024-11-03 06:00:00,284.21,92,broken clouds,1028,2.06,70,75
2024-11-03 07:00:00,284.5,92,broken clouds,1028,2.24,40,75
2024-11-03 08:00:00,284.49,92,broken clouds,1028,2.57,40,75
2024-11-03 09:00:00,284.84,92,broken clouds,1028,2.57,110,75
2024-11-03 10:00:00,285.6,93,broken clouds,1027,2.57,120,75
2024-11-03 11:00:00,285.89,92,broken clouds,1027,2.57,140,75
2024-11-03 12:00:00,286.35,89,broken clouds,1027,1.54,0,75
2024-11-03 13:00:00,286.23,88,broken clouds,1026,2.24,160,75
2024-11-03 14:00:00,286.34,86,broken clouds,1026,2.57,140,75
2024-11-03 15:00:00,286.42,84,broken clouds,1025,3.6,140,75
2024-11-03 16:00:00,286.14,84,broken clouds,1025,3.09,140,75
2024-11-03 17:00:00,285.49,87,broken clouds,1026,3.09,150,75
2024-11-03 18:00:00,285.5,88,broken clouds,1026,3.6,150,75
2024-11-03 19:00:00,285.5,89,broken clouds,1026,2.06,150,75
2024-11-01 20:00:00,285.36,87,overcast clouds,1028,1.03,0,100
2024-11-01 21:00:00,284.84,91,overcast clouds,1028,1.54,0,100
2024-11-01 22:00:00,285.05,87,broken clouds,1029,1.03,0,75
2024-11-01 23:00:00,285.11,86,broken clouds,1029,1.03,0,75
2024-11-02 00:00:00,284.85,89,broken clouds,1029,1.03,160,75
2024-11-02 01:00:00,284.64,89,broken clouds,1029,1.03,0,75
2024-11-02 02:00:00,284.71,88,broken clouds,1029,1.03,0,75
2024-11-02 03:00:00,284.77,86,broken clouds,1029,1.54,0,75
2024-11-02 04:00:00,284.77,85,broken clouds,1029,2.06,200,75
2024-11-02 05:00:00,284.72,87,broken clouds,1029,1.79,250,75
2024-11-02 06:00:00,284.32,90,broken clouds,1029,1.54,260,75
2024-11-02 07:00:00,283.89,93,light intensity drizzle,1029,1.03,0,75
2024-11-02 08:00:00,284.2,91,light intensity drizzle,1030,1.03,0,75
2024-11-02 09:00:00,284.1,93,light intensity drizzle,1030,1.03,0,75
2024-11-02 10:00:00,284.32,92,light intensity drizzle,1030,0.51,360,75
2024-11-02 11:00:00,284.87,92,light intensity drizzle,1030,0.51,0,75
2024-11-02 12:00:00,284.87,95,light intensity drizzle,1029,2.57,150,75
2024-11-02 13:00:00,285.33,89,broken clouds,1029,3.6,150,75
2024-11-02 14:00:00,285.33,87,broken clouds,1029,3.6,160,75
2024-11-02 15:00:00,285.42,86,broken clouds,1029,3.09,150,75
2024-11-02 16:00:00,284.91,89,light intensity drizzle,1029,2.57,160,75
2024-11-02 17:00:00,284.9,88,broken clouds,1029,1.54,0,75
2024-11-02 18:00:00,284.71,88,broken clouds,1029,2.57,160,75
2024-11-02 19:00:00,284.47,91,broken clouds,1029,1.54,160,75
2024-10-31 20:00:00,284.41,86,broken clouds,1025,3.09,240,75
2024-10-31 21:00:00,284.43,87,broken clouds,1024,3.6,250,75
2024-10-31 22:00:00,284.21,87,overcast clouds,1024,3.6,250,100
2024-10-31 23:00:00,284.2,86,overcast clouds,1024,3.09,240,100
2024-11-01 00:00:00,283.81,88,overcast clouds,1024,3.09,240,100
2024-11-01 01:00:00,284.44,83,overcast clouds,1024,3.09,230,100
2024-11-01 02:00:00,284.23,84,broken clouds,1024,3.09,240,75
2024-11-01 03:00:00,284.4,84,overcast clouds,1024,4.12,250,100
2024-11-01 04:00:00,284.69,83,overcast clouds,1024,4.63,260,100
2024-11-01 05:00:00,284.3,84,broken clouds,1024,4.63,260,75
2024-11-01 06:00:00,284.41,84,overcast clouds,1024,3.09,250,100
2024-11-01 07:00:00,284.56,84,broken clouds,1024,2.57,240,75
2024-11-01 08:00:00,284.33,87,overcast clouds,1025,3.6,240,100
2024-11-01 09:00:00,284.38,88,overcast clouds,1025,4.12,220,100
2024-11-01 10:00:00,285.1,85,overcast clouds,1025,4.12,220,100
2024-11-01 11:00:00,285.34,86,overcast clouds,1026,4.12,240,100
2024-11-01 12:00:00,285.79,82,overcast clouds,1026,3.6,270,100
2024-11-01 13:00:00,285.87,82,overcast clouds,1026,3.6,240,100
2024-11-01 14:00:00,285.87,83,overcast clouds,1026,4.12,280,100
2024-11-01 15:00:00,285.78,85,light intensity drizzle,1026,3.09,270,100
2024-11-01 16:00:00,285.78,86,overcast clouds,1027,3.09,280,100
2024-11-01 17:00:00,285.56,86,overcast clouds,1027,2.57,270,100
2024-11-01 18:00:00,285.55,86,overcast clouds,1028,2.57,280,100
2024-11-01 19:00:00,285.36,87,overcast clouds,1028,1.03,0,100
2024-10-30 20:00:00,284.74,90,few clouds,1028,1.34,331,13
2024-10-30 21:00:00,284.5,91,broken clouds,1028,2.57,220,75
2024-10-30 22:00:00,284.43,90,overcast clouds,1028,2.57,230,100
2024-10-30 23:00:00,284.24,90,broken clouds,1028,3.09,240,75
2024-10-31 00:00:00,284.38,90,broken clouds,1028,3.09,230,75
2024-10-31 01:00:00,284.11,91,overcast clouds,1028,3.09,230,100
2024-10-31 02:00:00,284.11,91,overcast clouds,1028,4.12,260,100
2024-10-31 03:00:00,284.11,91,broken clouds,1027,3.6,240,75
2024-10-31 04:00:00,284.11,91,broken clouds,1027,4.12,230,75
2024-10-31 05:00:00,283.82,94,broken clouds,1027,3.09,230,75
2024-10-31 06:00:00,283.83,90,broken clouds,1027,2.57,230,75
2024-10-31 07:00:00,283.64,90,broken clouds,1027,3.09,250,75
2024-10-31 08:00:00,283.69,91,broken clouds,1027,3.6,250,75
2024-10-31 09:00:00,283.69,93,broken clouds,1027,4.12,230,75
2024-10-31 10:00:00,284.26,91,broken clouds,1027,4.63,240,75
2024-10-31 11:00:00,284.49,90,broken clouds,1027,4.63,230,75
2024-10-31 12:00:00,284.88,88,broken clouds,1026,5.14,230,75
2024-10-31 13:00:00,285.52,86,broken clouds,1026,5.14,220,75
2024-10-31 14:00:00,286.32,82,broken clouds,1025,4.63,220,75
2024-10-31 15:00:00,285.87,83,broken clouds,1025,5.14,240,75
2024-10-31 16:00:00,285.21,85,broken clouds,1025,5.66,250,75
2024-10-31 17:00:00,284.59,86,broken clouds,1025,4.12,230,75
2024-10-31 18:00:00,284.74,84,broken clouds,1025,3.6,240,75
2024-10-31 19:00:00,284.43,86,broken clouds,1025,3.09,240,75
2024-10-29 20:00:00,284.79,87,broken clouds,1027,3.58,280,75
2024-10-29 21:00:00,284.7,88,broken clouds,1028,1.54,0,75
2024-10-29 22:00:00,284.48,88,broken clouds,1028,2.06,280,75
2024-10-29 23:00:00,284.48,88,broken clouds,1028,1.03,0,75
2024-10-30 00:00:00,284.56,87,broken clouds,1028,1.03,0,75
2024-10-30 01:00:00,283.88,88,broken clouds,1028,1.54,0,75
2024-10-30 02:00:00,283.26,90,broken clouds,1028,1.54,0,75
2024-10-30 03:00:00,283.39,91,broken clouds,1028,1.03,0,75
2024-10-30 04:00:00,283.73,91,broken clouds,1028,1.03,0,75
2024-10-30 05:00:00,283.73,91,broken clouds,1028,1.03,0,75
2024-10-30 06:00:00,283.72,93,broken clouds,1028,2.06,270,75
2024-10-30 07:00:00,283.57,91,broken clouds,1028,2.06,250,75
2024-10-30 08:00:00,283.33,93,broken clouds,1029,2.06,220,75
2024-10-30 09:00:00,284.42,92,scattered clouds,1029,2.06,210,40
2024-10-30 10:00:00,285.94,88,broken clouds,1029,1.54,0,75
2024-10-30 11:00:00,286.2,87,broken clouds,1029,3.09,260,75
2024-10-30 12:00:00,287.09,85,broken clouds,1029,2.06,260,75
2024-10-30 13:00:00,287.27,84,scattered clouds,1029,4.12,230,40
2024-10-30 14:00:00,287.58,84,few clouds,1028,2.06,230,20
2024-10-30 15:00:00,287.38,82,broken clouds,1028,3.09,270,75
2024-10-30 16:00:00,285.72,87,broken clouds,1028,4.12,270,75
2024-10-30 17:00:00,285.26,89,mist,1028,3.6,240,75
2024-10-30 18:00:00,285.18,90,broken clouds,1028,2.06,250,75
2024-10-30 19:00:00,285.04,90,clear sky,1028,0.45,299,10
2024-10-28 20:00:00,285.97,91,broken clouds,1021,5.14,270,75
2024-10-28 21:00:00,285.61,92,broken clouds,1021,4.63,270,75
2024-10-28 22:00:00,285.56,92,broken clouds,1022,4.92,270,75
2024-10-28 23:00:00,285.62,92,broken clouds,1022,4.12,280,75
2024-10-29 00:00:00,285.36,92,broken clouds,1022,4.63,270,75
2024-10-29 01:00:00,285.04,91,broken clouds,1022,4.63,270,75
2024-10-29 02:00:00,284.88,91,broken clouds,1023,4.12,260,75
2024-10-29 03:00:00,284.41,91,broken clouds,1023,5.14,270,75
2024-10-29 04:00:00,284.18,93,broken clouds,1023,4.63,270,75
2024-10-29 05:00:00,284.26,92,broken clouds,1024,3.6,270,75
2024-10-29 06:00:00,284.08,92,broken clouds,1024,4.63,270,75
2024-10-29 07:00:00,283.78,95,broken clouds,1024,3.6,270,75
2024-10-29 08:00:00,283.6,93,broken clouds,1025,4.12,270,75
2024-10-29 09:00:00,284.12,92,broken clouds,1025,4.12,280,75
2024-10-29 10:00:00,284.72,88,broken clouds,1025,5.14,280,75
2024-10-29 11:00:00,284.99,87,broken clouds,1026,5.66,280,75
2024-10-29 12:00:00,285.58,85,broken clouds,1026,4.63,270,75
2024-10-29 13:00:00,285.69,85,broken clouds,1026,3.6,280,75
2024-10-29 14:00:00,285.61,84,broken clouds,1026,4.63,280,75
2024-10-29 15:00:00,285.52,84,broken clouds,1026,5.14,280,75
2024-10-29 16:00:00,285.09,86,broken clouds,1026,3.09,270,75
2024-10-29 17:00:00,284.85,87,broken clouds,1027,4.63,290,75
2024-10-29 18:00:00,284.85,87,broken clouds,1027,4.12,300,75
2024-10-29 19:00:00,284.84,87,broken clouds,1027,3.6,280,75
2024-10-27 20:00:00,287.67,88,broken clouds,1015,6.17,230,75
2024-10-27 21:00:00,287.92,89,broken clouds,1015,6.17,230,75
2024-10-27 22:00:00,287.86,91,broken clouds,1015,5.66,230,75
2024-10-27 23:00:00,288.06,91,broken clouds,1015,6.17,240,75
2024-10-28 00:00:00,288.1,91,broken clouds,1015,5.14,240,75
2024-10-28 01:00:00,288.25,88,broken clouds,1015,4.63,240,75
2024-10-28 02:00:00,288.05,78,broken clouds,1015,5.66,230,75
2024-10-28 03:00:00,287.85,90,light intensity drizzle,1015,5.14,230,75
2024-10-28 04:00:00,287.75,91,light intensity drizzle,1015,5.14,230,75
2024-10-28 05:00:00,287.73,91,light intensity drizzle,1015,4.12,230,75
2024-10-28 06:00:00,287.87,92,broken clouds,1015,4.12,230,75
2024-10-28 07:00:00,287.69,92,broken clouds,1015,3.6,240,75
2024-10-28 08:00:00,287.65,91,broken clouds,1015,3.6,260,75
2024-10-28 09:00:00,287.55,93,broken clouds,1016,3.09,250,75
2024-10-28 10:00:00,288.05,89,broken clouds,1017,3.09,240,75
2024-10-28 11:00:00,287.93,90,broken clouds,1017,3.09,260,75
2024-10-28 12:00:00,287.86,92,broken clouds,1017,3.09,250,75
2024-10-28 13:00:00,288.37,87,broken clouds,1018,4.63,260,75
2024-10-28 14:00:00,288.31,84,overcast clouds,1018,4.92,270,100
2024-10-28 15:00:00,287.67,87,broken clouds,1018,6.17,280,75
2024-10-28 16:00:00,287.66,85,broken clouds,1018,5.66,270,75
2024-10-28 17:00:00,287.06,86,scattered clouds,1019,4.12,280,40
2024-10-28 18:00:00,285.89,90,scattered clouds,1020,3.09,270,40
2024-10-28 19:00:00,285.97,91,broken clouds,1020,4.12,270,75
2024-10-26 20:00:00,282.99,90,broken clouds,1015,7.72,320,75
2024-10-26 21:00:00,282.8,89,broken clouds,1017,4.63,280,75
2024-10-26 22:00:00,281.99,91,scattered clouds,1018,3.6,270,40
2024-10-26 23:00:00,280.98,91,scattered clouds,1019,5.66,280,40
2024-10-27 00:00:00,280.47,90,scattered clouds,1020,5.66,280,40
2024-10-27 01:00:00,279.93,89,scattered clouds,1019,5.66,270,40
2024-10-27 01:00:00,279.6,89,few clouds,1020,3.6,260,20
2024-10-27 02:00:00,279.03,89,few clouds,1020,3.09,260,20
2024-10-27 03:00:00,278.54,91,few clouds,1020,3.09,260,20
2024-10-27 04:00:00,278.36,90,few clouds,1021,3.09,260,20
2024-10-27 05:00:00,278.1,91,few clouds,1021,2.57,240,20
2024-10-27 06:00:00,277.94,90,few clouds,1022,3.09,240,20
2024-10-27 07:00:00,278.5,89,few clouds,1021,2.57,240,20
2024-10-27 08:00:00,279.55,90,broken clouds,1022,2.57,190,75
2024-10-27 09:00:00,281.17,83,light rain,1022,3.09,190,75
2024-10-27 10:00:00,282.23,79,broken clouds,1021,2.57,180,75
2024-10-27 11:00:00,282.85,80,broken clouds,1021,3.6,190,75
2024-10-27 12:00:00,283.69,75,broken clouds,1020,5.14,200,75
2024-10-27 13:00:00,284.37,74,light rain,1019,6.17,200,75
2024-10-27 14:00:00,284.33,81,broken clouds,1018,5.66,200,75
2024-10-27 15:00:00,284.51,87,light rain,1017,5.14,200,75
2024-10-27 16:00:00,285.29,87,moderate rain,1016,5.66,210,75
2024-10-27 17:00:00,285.48,90,moderate rain,1016,6.17,210,75
2024-10-27 18:00:00,286.32,89,broken clouds,1015,6.17,230,75
2024-10-27 19:00:00,287.14,89,broken clouds,1015,6.69,230,75
2024-10-25 20:00:00,284.53,88,few clouds,1013,3.58,80,20
2024-10-25 21:00:00,283.86,90,clear sky,1013,2.68,110,0
2024-10-25 22:00:00,283.79,89,scattered clouds,1014,2.06,120,40
2024-10-25 23:00:00,282.48,92,clear sky,1014,2.06,152,0
2024-10-26 00:00:00,282.3,92,clear sky,1014,0.45,168,0
2024-10-26 01:00:00,282.05,95,scattered clouds,1014,0.51,360,40
2024-10-26 02:00:00,281.85,94,scattered clouds,1014,2.06,170,40
2024-10-26 03:00:00,281.65,93,scattered clouds,1014,2.06,170,40
2024-10-26 04:00:00,281.92,93,clear sky,1014,0.45,161,6
2024-10-26 05:00:00,281.91,94,scattered clouds,1015,0.51,0,40
2024-10-26 06:00:00,282.21,94,broken clouds,1015,2.06,140,75
2024-10-26 07:00:00,282.26,93,scattered clouds,1014,0.45,178,33
2024-10-26 08:00:00,282.18,94,clear sky,1014,1.79,170,0
2024-10-26 09:00:00,282.32,93,broken clouds,1013,0.51,0,75
2024-10-26 10:00:00,284.45,90,broken clouds,1014,2.06,110,75
2024-10-26 11:00:00,285.85,82,few clouds,1014,3.09,170,20
2024-10-26 12:00:00,286.87,79,broken clouds,1014,3.6,220,75
2024-10-26 13:00:00,287.36,78,broken clouds,1013,5.14,210,75
2024-10-26 14:00:00,287.8,76,broken clouds,1012,5.14,210,75
2024-10-26 15:00:00,287.44,78,broken clouds,1012,4.12,210,75
2024-10-26 16:00:00,287.1,82,broken clouds,1012,4.63,220,75
2024-10-26 17:00:00,287.14,82,broken clouds,1012,4.12,220,75
2024-10-26 18:00:00,286.71,83,broken clouds,1013,2.57,240,75
2024-10-26 19:00:00,285.69,88,moderate rain,1014,3.6,250,75
2024-10-24 20:00:00,287.78,89,broken clouds,1006,5.14,160,75
2024-10-24 21:00:00,288.18,87,broken clouds,1006,4.12,150,75
2024-10-24 22:00:00,287.78,91,broken clouds,1006,4.63,140,75
2024-10-24 23:00:00,287.71,91,broken clouds,1006,6.17,140,75
2024-10-25 00:00:00,287.71,92,broken clouds,1006,6.17,140,75
2024-10-25 01:00:00,287.88,91,broken clouds,1005,5.81,140,75
2024-10-25 02:00:00,287.8,93,broken clouds,1005,6.17,120,75
2024-10-25 03:00:00,287.98,95,light intensity drizzle,1005,6.17,130,75
2024-10-25 04:00:00,287.72,96,broken clouds,1005,6.17,120,75
2024-10-25 05:00:00,286.95,94,light intensity drizzle,1006,5.14,140,75
2024-10-25 06:00:00,286.36,93,broken clouds,1006,3.09,140,75
2024-10-25 07:00:00,286.6,94,broken clouds,1006,3.09,110,75
2024-10-25 08:00:00,286.29,94,light intensity drizzle,1007,4.12,110,75
2024-10-25 09:00:00,286.14,95,broken clouds,1007,3.6,90,75
2024-10-25 10:00:00,285.97,96,broken clouds,1008,5.14,80,75
2024-10-25 11:00:00,286.04,97,broken clouds,1009,3.6,90,75
2024-10-25 12:00:00,286.46,95,broken clouds,1009,5.66,90,75
2024-10-25 13:00:00,286.42,96,broken clouds,1010,5.14,80,75
2024-10-25 14:00:00,287.16,93,broken clouds,1010,5.14,90,75
2024-10-25 15:00:00,287.81,89,broken clouds,1010,5.14,100,75
2024-10-25 16:00:00,288.21,83,scattered clouds,1010,7.72,120,40
2024-10-25 17:00:00,287.52,84,few clouds,1011,5.14,140,20
2024-10-25 18:00:00,286.54,86,few clouds,1012,3.6,90,20
2024-10-25 19:00:00,285.72,87,few clouds,1012,3.09,80,20
2024-10-23 20:00:00,286.33,78,broken clouds,1020,4.12,140,75
2024-10-23 21:00:00,286.59,84,broken clouds,1019,5.14,130,75
2024-10-23 22:00:00,286.24,80,scattered clouds,1018,5.66,150,40
2024-10-23 23:00:00,286.02,78,few clouds,1018,6.17,160,20
2024-10-24 00:00:00,286.34,76,scattered clouds,1017,6.69,170,40
2024-10-24 01:00:00,286.32,79,scattered clouds,1016,5.66,170,40
2024-10-24 02:00:00,286.39,79,broken clouds,1015,6.17,160,75
2024-10-24 03:00:00,286.34,79,broken clouds,1014,6.69,170,75
2024-10-24 04:00:00,286.12,79,broken clouds,1013,7.2,170,75
2024-10-24 05:00:00,286.47,62,broken clouds,1012,5.14,170,75
2024-10-24 06:00:00,286.57,78,broken clouds,1012,6.17,160,75
2024-10-24 07:00:00,286.57,80,broken clouds,1011,3.6,140,75
2024-10-24 08:00:00,286.69,81,broken clouds,1011,3.6,140,75
2024-10-24 09:00:00,286.99,79,broken clouds,1011,9.26,190,75
2024-10-24 10:00:00,287.5,79,broken clouds,1011,6.17,180,75
2024-10-24 11:00:00,287.53,79,broken clouds,1010,6.17,160,75
2024-10-24 12:00:00,287.9,81,broken clouds,1009,6.17,150,75
2024-10-24 13:00:00,288.79,77,broken clouds,1009,5.66,150,75
2024-10-24 14:00:00,288.79,79,broken clouds,1009,5.14,160,75
2024-10-24 15:00:00,287.3,84,overcast clouds,1008,5.15,157,100
2024-10-24 16:00:00,288.84,79,broken clouds,1007,6.17,150,75
2024-10-24 17:00:00,288.47,83,broken clouds,1007,7.15,150,75
2024-10-24 18:00:00,288.21,86,broken clouds,1006,5.66,140,75
2024-10-24 19:00:00,288.08,87,broken clouds,1006,5.36,140,75
2024-10-22 20:00:00,284.25,83,broken clouds,1028,1.54,0,75
2024-10-22 21:00:00,283.16,87,scattered clouds,1028,1.03,200,40
2024-10-22 22:00:00,282.28,89,few clouds,1028,2.06,210,20
2024-10-22 23:00:00,281.84,89,few clouds,1028,1.54,220,20
2024-10-23 00:00:00,282.9,90,few clouds,1028,2.57,230,20
2024-10-23 01:00:00,282.56,93,few clouds,1028,2.06,230,20
2024-10-23 02:00:00,282.36,94,few clouds,1028,2.06,240,20
2024-10-23 03:00:00,281.25,92,few clouds,1028,2.06,230,20
2024-10-23 04:00:00,280.43,94,clear sky,1028,1.54,0,0
2024-10-23 05:00:00,280.25,93,clear sky,1027,2.06,180,0
2024-10-23 06:00:00,279.57,93,clear sky,1027,2.57,210,0
2024-10-23 07:00:00,280.13,93,few clouds,1027,2.06,180,20
2024-10-23 08:00:00,281.03,93,few clouds,1026,1.54,0,20
2024-10-23 09:00:00,281.51,88,scattered clouds,1026,3.09,190,40
2024-10-23 10:00:00,282.32,91,scattered clouds,1026,5.14,170,40
2024-10-23 11:00:00,285.43,80,broken clouds,1026,1.03,0,75
2024-10-23 12:00:00,286.98,78,broken clouds,1026,6.69,210,75
2024-10-23 13:00:00,288.12,74,broken clouds,1025,5.66,220,75
2024-10-23 14:00:00,288.15,71,broken clouds,1024,7.72,200,75
2024-10-23 15:00:00,287.71,74,broken clouds,1023,6.17,200,75
2024-10-23 16:00:00,287.3,74,broken clouds,1022,6.69,180,75
2024-10-23 17:00:00,286.94,70,broken clouds,1022,7.2,190,75
2024-10-23 18:00:00,286.39,73,broken clouds,1021,7.2,190,75
2024-10-23 19:00:00,286.12,79,broken clouds,1020,5.14,170,75
2024-10-21 20:00:00,285.96,72,broken clouds,1018,4.63,230,75
2024-10-21 21:00:00,285.56,75,broken clouds,1018,5.66,220,75
2024-10-21 22:00:00,285.43,79,broken clouds,1018,6.17,220,75
2024-10-21 23:00:00,285.34,80,broken clouds,1018,6.17,230,75
2024-10-22 00:00:00,285.34,81,broken clouds,1019,5.14,230,75
2024-10-22 01:00:00,285.05,82,broken clouds,1018,4.12,240,75
2024-10-22 02:00:00,284.82,72,scattered clouds,1019,4.63,240,40
2024-10-22 03:00:00,284.29,85,scattered clouds,1020,3.6,240,40
2024-10-22 04:00:00,284.22,86,scattered clouds,1020,3.6,250,40
2024-10-22 05:00:00,283.93,87,scattered clouds,1021,4.63,250,40
2024-10-22 06:00:00,283.77,88,few clouds,1021,4.12,240,20
2024-10-22 07:00:00,283.3,90,few clouds,1022,3.6,250,20
2024-10-22 08:00:00,283.35,90,scattered clouds,1023,3.09,220,40
2024-10-22 09:00:00,283.75,90,broken clouds,1024,5.66,230,75
2024-10-22 10:00:00,285.01,88,broken clouds,1025,2.57,230,75
2024-10-22 11:00:00,285.91,84,scattered clouds,1025,4.63,230,40
2024-10-22 12:00:00,286.78,80,scattered clouds,1026,4.63,240,40
2024-10-22 13:00:00,287.72,77,broken clouds,1026,4.12,260,75
2024-10-22 14:00:00,288.67,73,scattered clouds,1026,4.12,260,40
2024-10-22 15:00:00,288.45,70,broken clouds,1026,3.09,240,75
2024-10-22 16:00:00,288.08,75,broken clouds,1026,2.57,210,75
2024-10-22 17:00:00,288.03,73,broken clouds,1026,3.6,220,75
2024-10-22 18:00:00,287.18,81,broken clouds,1027,2.06,250,75
2024-10-22 19:00:00,286.05,79,broken clouds,1028,1.03,0,75
2024-10-20 20:00:00,286.14,76,broken clouds,996,10.8,230,75
2024-10-20 21:00:00,285.79,80,broken clouds,997,9.26,230,75
2024-10-20 22:00:00,285.57,82,broken clouds,999,10.8,230,75
2024-10-20 23:00:00,285.3,84,broken clouds,1002,8.75,240,75
2024-10-21 00:00:00,285.12,85,broken clouds,1004,9.26,240,75
2024-10-21 01:00:00,285.07,86,broken clouds,1006,6.17,240,75
2024-10-21 02:00:00,285.5,81,broken clouds,1007,7.2,240,75
2024-10-21 03:00:00,284.87,82,broken clouds,1009,4.63,230,75
2024-10-21 04:00:00,284.82,80,broken clouds,1010,6.17,230,75
2024-10-21 05:00:00,284.58,79,broken clouds,1011,4.63,230,75
2024-10-21 06:00:00,284.25,80,broken clouds,1013,5.14,220,75
2024-10-21 07:00:00,284.2,80,broken clouds,1013,5.66,230,75
2024-10-21 08:00:00,283.94,79,broken clouds,1013,2.68,227,79
2024-10-21 09:00:00,283.99,77,few clouds,1014,5.14,230,20
2024-10-21 10:00:00,284.79,75,few clouds,1015,9.77,220,20
2024-10-21 11:00:00,285.9,72,few clouds,1016,5.14,220,20
2024-10-21 12:00:00,286.58,71,few clouds,1016,9.77,230,20
2024-10-21 13:00:00,287.12,68,few clouds,1016,10.8,240,20
2024-10-21 14:00:00,288.03,63,few clouds,1015,8.75,240,20
2024-10-21 15:00:00,288.6,59,scattered clouds,1016,9.77,230,40
2024-10-21 16:00:00,288.84,59,scattered clouds,1016,8.23,230,40
2024-10-21 17:00:00,287.25,68,scattered clouds,1016,1.79,124,34
2024-10-21 18:00:00,286.45,70,broken clouds,1017,5.14,230,75
2024-10-21 19:00:00,285.97,74,broken clouds,1017,5.14,230,75
2024-10-19 20:00:00,285.11,77,broken clouds,1009,4.12,170,75
2024-10-19 21:00:00,285.28,80,broken clouds,1008,3.6,180,75
2024-10-19 22:00:00,285.23,83,broken clouds,1008,4.63,150,75
2024-10-19 23:00:00,285.57,81,light rain,1007,4.63,150,75
2024-10-20 00:00:00,285.95,83,broken clouds,1005,7.2,160,75
2024-10-20 01:00:00,286.37,81,broken clouds,1003,7.2,160,75
2024-10-20 02:00:00,286.57,81,broken clouds,1002,8.75,160,75
2024-10-20 03:00:00,286.99,79,broken clouds,999,7.72,150,75
2024-10-20 04:00:00,287.01,81,broken clouds,997,9.77,170,75
2024-10-20 05:00:00,286.4,90,broken clouds,996,12.35,160,75
2024-10-20 06:00:00,286.69,90,heavy intensity rain,994,11.32,160,75
2024-10-20 07:00:00,287.01,87,moderate rain,993,9.26,160,75
2024-10-20 08:00:00,286.91,90,broken clouds,993,6.17,190,75
2024-10-20 09:00:00,286.55,87,few clouds,994,7.2,190,20
2024-10-20 10:00:00,287.72,75,few clouds,994,8.23,200,20
2024-10-20 11:00:00,287.86,72,few clouds,994,9.26,200,20
2024-10-20 12:00:00,288.72,70,few clouds,994,11.32,200,20
2024-10-20 13:00:00,289.2,65,scattered clouds,993,12.35,200,40
2024-10-20 14:00:00,288.68,66,few clouds,992,13.38,200,20
2024-10-20 15:00:00,289.04,59,scattered clouds,992,12.35,210,40
2024-10-20 16:00:00,288.38,61,broken clouds,992,14.4,210,75
2024-10-20 17:00:00,287.6,65,broken clouds,992,12.86,210,75
2024-10-20 18:00:00,287.29,68,broken clouds,993,12.35,220,75
2024-10-20 19:00:00,286.4,73,broken clouds,995,10.29,220,75
2024-10-18 20:00:00,286.81,89,broken clouds,1002,4.12,210,75
2024-10-18 21:00:00,286.7,89,broken clouds,1002,4.12,210,75
2024-10-18 22:00:00,286.95,86,broken clouds,1003,4.12,220,75
2024-10-18 23:00:00,286.33,85,scattered clouds,1003,4.12,240,40
2024-10-19 00:00:00,285.9,86,few clouds,1004,2.57,220,20
2024-10-19 01:00:00,285.26,85,few clouds,1004,3.09,220,20
2024-10-19 02:00:00,285,85,few clouds,1005,3.09,230,20
2024-10-19 03:00:00,284.61,85,few clouds,1005,3.09,230,20
2024-10-19 04:00:00,284.55,85,few clouds,1005,3.6,240,20
2024-10-19 05:00:00,284.35,85,few clouds,1006,3.6,240,20
2024-10-19 06:00:00,284.4,84,few clouds,1007,3.09,220,20
2024-10-19 07:00:00,284.07,83,few clouds,1007,2.57,180,20
2024-10-19 08:00:00,283.85,84,few clouds,1008,3.09,200,20
2024-10-19 09:00:00,284.13,82,few clouds,1008,5.14,250,20
2024-10-19 10:00:00,285.09,82,few clouds,1009,3.09,210,20
2024-10-19 11:00:00,285.88,80,few clouds,1010,3.09,230,20
2024-10-19 12:00:00,286.87,76,few clouds,1009,3.6,240,20
2024-10-19 13:00:00,287.75,71,few clouds,1010,4.12,230,20
2024-10-19 14:00:00,287.85,68,few clouds,1009,3.09,240,20
2024-10-19 15:00:00,288.99,61,scattered clouds,1009,2.57,240,40
2024-10-19 16:00:00,289.17,60,scattered clouds,1009,2.57,240,40
2024-10-19 17:00:00,288.27,63,scattered clouds,1009,3.6,210,40
2024-10-19 18:00:00,286.44,73,scattered clouds,1009,3.09,200,40
2024-10-19 19:00:00,285.39,79,broken clouds,1009,3.09,160,75
2024-10-17 20:00:00,285.98,83,few clouds,1010,3.6,260,20
2024-10-17 21:00:00,285.4,85,few clouds,1010,3.6,250,20
2024-10-17 22:00:00,284.64,87,few clouds,1012,3.6,250,20
2024-10-17 23:00:00,283.98,87,few clouds,1013,2.57,240,20
2024-10-18 00:00:00,283.66,88,few clouds,1013,3.09,230,20
2024-10-18 01:00:00,282.88,88,few clouds,1012,3.09,150,20
2024-10-18 02:00:00,282.31,87,few clouds,1011,2.57,170,20
2024-10-18 03:00:00,282.09,90,few clouds,1011,2.57,170,20
2024-10-18 04:00:00,282.31,88,few clouds,1010,2.06,160,20
2024-10-18 05:00:00,282.96,87,few clouds,1010,2.06,180,20
2024-10-18 06:00:00,282.23,89,few clouds,1009,2.57,210,20
2024-10-18 07:00:00,284.39,87,scattered clouds,1007,2.06,160,40
2024-10-18 08:00:00,285.79,83,light rain,1007,3.09,170,75
2024-10-18 09:00:00,286.91,87,broken clouds,1006,11.83,200,75
2024-10-18 10:00:00,287.05,88,broken clouds,1006,11.83,180,75
2024-10-18 11:00:00,288.08,84,broken clouds,1005,13.89,190,75
2024-10-18 12:00:00,289.39,81,broken clouds,1005,12.35,200,75
2024-10-18 13:00:00,289.27,84,broken clouds,1003,12.35,190,75
2024-10-18 14:00:00,289.81,84,broken clouds,1003,13.89,190,75
2024-10-18 15:00:00,290.82,77,broken clouds,1002,11.83,200,75
2024-10-18 16:00:00,290.41,79,broken clouds,1001,11.83,200,75
2024-10-18 17:00:00,289.83,84,light rain,1000,10.73,190,75
2024-10-18 18:00:00,286.97,90,broken clouds,1001,5.14,220,75
2024-10-18 19:00:00,286.94,89,broken clouds,1001,4.63,220,75
2024-10-16 20:00:00,287.96,95,light rain,997,2.06,130,75
2024-10-16 21:00:00,287.7,96,broken clouds,997,1.54,0,75
2024-10-16 22:00:00,287.33,94,broken clouds,998,1.03,0,75
2024-10-16 23:00:00,286.19,96,broken clouds,998,1.54,0,75
2024-10-17 00:00:00,286.19,95,scattered clouds,998,2.57,220,40
2024-10-17 01:00:00,285.31,93,few clouds,998,2.06,210,20
2024-10-17 02:00:00,285.46,87,few clouds,999,4.12,210,20
2024-10-17 03:00:00,284.56,89,few clouds,999,3.09,170,20
2024-10-17 04:00:00,284.99,85,few clouds,999,3.09,160,20
2024-10-17 05:00:00,285.44,85,few clouds,1000,2.57,120,20
2024-10-17 06:00:00,285.61,85,scattered clouds,1000,4.12,190,40
2024-10-17 07:00:00,285.99,83,scattered clouds,1000,5.36,190,40
2024-10-17 08:00:00,285.55,88,scattered clouds,1001,3.09,200,40
2024-10-17 09:00:00,286.38,86,scattered clouds,1002,5.14,210,40
2024-10-17 10:00:00,287.55,83,broken clouds,1002,6.17,230,75
2024-10-17 11:00:00,287.7,81,broken clouds,1003,7.72,220,75
2024-10-17 12:00:00,288.32,80,scattered clouds,1003,7.72,220,40
2024-10-17 13:00:00,288.48,81,broken clouds,1004,8.75,230,75
2024-10-17 14:00:00,289.49,75,scattered clouds,1005,5.66,230,40
2024-10-17 15:00:00,289.66,75,broken clouds,1005,8.23,240,75
2024-10-17 16:00:00,288.57,82,few clouds,1006,5.14,250,20
2024-10-17 17:00:00,287.86,82,few clouds,1007,6.17,260,20
2024-10-17 18:00:00,287.52,81,few clouds,1008,4.12,260,20
2024-10-17 19:00:00,286.8,82,few clouds,1010,4.12,250,20
2024-10-15 20:00:00,288.05,93,light intensity drizzle,1003,7.2,140,75
2024-10-15 21:00:00,288.05,94,light intensity drizzle,1003,4.12,130,75
2024-10-15 22:00:00,287.96,95,light intensity drizzle rain,1002,4.63,140,75
2024-10-15 23:00:00,287.83,94,broken clouds,1001,5.14,140,75
2024-10-16 00:00:00,287.62,94,light intensity drizzle rain,1000,5.66,150,75
2024-10-16 01:00:00,287.54,95,light intensity drizzle,999,5.66,140,75
2024-10-16 02:00:00,287.54,95,light intensity drizzle,998,4.63,130,75
2024-10-16 03:00:00,287.54,95,broken clouds,997,3.6,130,75
2024-10-16 04:00:00,287.33,95,light rain,996,4.12,140,75
2024-10-16 05:00:00,287.33,95,light rain,996,3.6,140,75
2024-10-16 06:00:00,287.14,95,broken clouds,996,3.6,140,75
2024-10-16 07:00:00,286.72,97,broken clouds,997,1.54,0,75
2024-10-16 08:00:00,286.71,96,broken clouds,997,2.06,130,75
2024-10-16 09:00:00,287.17,97,fog,997,2.57,130,75
2024-10-16 10:00:00,287.86,97,broken clouds,997,3.6,140,75
2024-10-16 11:00:00,288.71,95,broken clouds,997,3.09,130,75
2024-10-16 12:00:00,289.55,95,broken clouds,997,1.54,80,75
2024-10-16 13:00:00,290.08,94,broken clouds,997,2.06,310,75
2024-10-16 14:00:00,290.58,90,broken clouds,996,3.09,220,75
2024-10-16 15:00:00,291.05,88,broken clouds,996,1.03,0,75
2024-10-16 16:00:00,290.67,88,moderate rain,996,3.6,180,75
2024-10-16 17:00:00,289.45,92,light rain,996,2.06,140,75
2024-10-16 18:00:00,288.88,93,moderate rain,996,2.57,150,75
2024-10-16 19:00:00,288.43,94,mist,997,1.54,0,75
2024-10-14 20:00:00,281.84,85,scattered clouds,1015,2.57,110,40
2024-10-14 21:00:00,282.02,87,scattered clouds,1015,0.45,144,40
2024-10-14 22:00:00,282.21,86,scattered clouds,1015,2.06,160,40
2024-10-14 23:00:00,282.18,87,scattered clouds,1015,2.57,140,40
2024-10-15 00:00:00,283.93,88,few clouds,1014,0.89,158,18
2024-10-15 01:00:00,284.65,88,broken clouds,1013,3.09,140,75
2024-10-15 02:00:00,285.06,88,broken clouds,1013,4.12,160,75
2024-10-15 03:00:00,284.91,90,broken clouds,1012,3.09,160,75
2024-10-15 04:00:00,285.05,89,broken clouds,1011,2.57,140,75
2024-10-15 05:00:00,284.97,91,light intensity drizzle,1011,3.09,140,75
2024-10-15 06:00:00,285.71,93,overcast clouds,1010,1.34,110,98
2024-10-15 07:00:00,285.9,94,light intensity drizzle,1010,4.12,150,75
2024-10-15 08:00:00,285.9,94,light intensity drizzle,1009,4.63,140,75
2024-10-15 09:00:00,285.95,92,broken clouds,1009,6.17,150,75
2024-10-15 10:00:00,286.52,91,broken clouds,1009,6.17,150,75
2024-10-15 11:00:00,286.76,89,broken clouds,1009,5.14,160,75
2024-10-15 12:00:00,287.78,85,broken clouds,1008,7.2,160,75
2024-10-15 13:00:00,288.69,81,broken clouds,1007,5.14,140,75
2024-10-15 14:00:00,288.86,82,broken clouds,1007,4.63,140,75
2024-10-15 15:00:00,288.77,84,broken clouds,1006,7.72,160,75
2024-10-15 16:00:00,288.4,89,light intensity drizzle,1005,6.17,140,75
2024-10-15 17:00:00,288.02,92,light intensity drizzle,1004,8.23,150,75
2024-10-15 18:00:00,288.05,92,light intensity drizzle,1004,8.23,150,75
2024-10-15 19:00:00,287.64,94,light intensity drizzle,1004,6.71,150,75
2024-10-13 20:00:00,283.36,73,light rain,1015,4.92,150,75
2024-10-13 21:00:00,283.25,77,broken clouds,1015,5.14,150,75
2024-10-13 22:00:00,283.36,75,light rain,1015,5.66,160,75
2024-10-13 23:00:00,283.34,77,broken clouds,1015,5.14,160,75
2024-10-14 00:00:00,283.09,77,scattered clouds,1014,4.63,150,40
2024-10-14 01:00:00,282.39,81,broken clouds,1014,4.47,150,75
2024-10-14 02:00:00,281.88,84,broken clouds,1013,3.58,150,75
2024-10-14 03:00:00,282.41,85,scattered clouds,1013,2.06,140,40
2024-10-14 04:00:00,282.71,89,scattered clouds,1013,3.09,150,40
2024-10-14 05:00:00,282.9,89,broken clouds,1013,2.57,140,75
2024-10-14 06:00:00,283.05,90,broken clouds,1013,3.09,150,75
2024-10-14 07:00:00,282.64,92,light intensity drizzle,1013,2.06,120,75
2024-10-14 08:00:00,282.53,90,broken clouds,1013,2.06,110,75
2024-10-14 09:00:00,282.11,88,scattered clouds,1014,2.06,80,40
2024-10-14 10:00:00,284.02,86,few clouds,1014,2.06,90,20
2024-10-14 11:00:00,284.68,81,broken clouds,1015,2.57,70,75
2024-10-14 12:00:00,285.95,73,scattered clouds,1015,3.6,130,40
2024-10-14 13:00:00,286.59,64,scattered clouds,1015,3.6,70,40
2024-10-14 14:00:00,286.54,62,scattered clouds,1015,3.6,80,40
2024-10-14 15:00:00,286.9,64,scattered clouds,1015,3.6,80,40
2024-10-14 16:00:00,286.34,68,scattered clouds,1014,3.09,80,40
2024-10-14 17:00:00,285.75,72,scattered clouds,1015,2.57,70,40
2024-10-14 18:00:00,284.45,78,scattered clouds,1015,3.09,80,40
2024-10-14 19:00:00,282.75,84,scattered clouds,1015,2.06,100,40
2024-10-12 20:00:00,280.14,74,few clouds,1012,6.17,280,20
2024-10-12 21:00:00,279.52,76,few clouds,1013,5.14,280,20
2024-10-12 22:00:00,279.52,78,broken clouds,1014,0.89,277,71
2024-10-12 23:00:00,278.81,79,few clouds,1015,6.17,280,20
2024-10-13 00:00:00,278.46,79,few clouds,1016,5.14,280,20
2024-10-13 01:00:00,278.56,79,broken clouds,1016,0.89,252,76
2024-10-13 02:00:00,278.42,79,few clouds,1016,5.14,270,20
2024-10-13 03:00:00,277.82,80,few clouds,1017,4.63,270,20
2024-10-13 04:00:00,277.46,82,few clouds,1016,2.06,260,20
2024-10-13 05:00:00,277.98,81,few clouds,1017,3.09,260,20
2024-10-13 06:00:00,278.31,81,broken clouds,1018,3.09,260,75
2024-10-13 07:00:00,278.25,82,broken clouds,1018,2.57,250,75
2024-10-13 08:00:00,278.09,83,broken clouds,1018,2.06,260,75
2024-10-13 09:00:00,278.28,84,broken clouds,1018,3.09,260,75
2024-10-13 10:00:00,279.37,85,broken clouds,1018,1.54,0,75
2024-10-13 11:00:00,280.9,81,broken clouds,1018,1.03,0,75
2024-10-13 12:00:00,282.17,73,broken clouds,1019,1.34,173,75
2024-10-13 13:00:00,283.43,66,broken clouds,1019,2.57,140,75
2024-10-13 14:00:00,283.5,66,broken clouds,1018,4.12,150,75
2024-10-13 15:00:00,283.35,70,light rain,1018,4.63,160,75
2024-10-13 16:00:00,283.61,71,broken clouds,1016,4.63,160,75
2024-10-13 17:00:00,283.48,71,moderate rain,1016,4.12,150,75
2024-10-13 18:00:00,283.36,72,light rain,1015,3.6,150,75
2024-10-13 19:00:00,283.08,74,light rain,1015,5.14,150,75
2024-10-11 20:00:00,280.57,76,broken clouds,1014,2.06,210,75
2024-10-11 21:00:00,280.56,76,broken clouds,1013,2.57,190,75
2024-10-11 22:00:00,280.2,77,clear sky,1013,2.06,200,0
2024-10-11 23:00:00,280.38,75,clear sky,1013,3.09,190,0
2024-10-12 00:00:00,280.24,74,clear sky,1012,3.09,200,0
2024-10-12 01:00:00,280.11,77,clear sky,1011,2.06,220,0
2024-10-12 02:00:00,280.22,78,clear sky,1010,3.09,210,0
2024-10-12 03:00:00,280.26,78,clear sky,1010,2.57,200,0
2024-10-12 04:00:00,279.63,81,clear sky,1009,2.57,200,0
2024-10-12 05:00:00,279.72,78,clear sky,1008,3.09,210,0
2024-10-12 06:00:00,279.57,79,clear sky,1008,3.09,220,0
2024-10-12 07:00:00,280.07,79,few clouds,1007,3.6,230,20
2024-10-12 08:00:00,280.48,75,few clouds,1006,3.09,230,20
2024-10-12 09:00:00,282.18,76,scattered clouds,1005,4.12,230,40
2024-10-12 10:00:00,283.04,76,broken clouds,1005,5.14,230,75
2024-10-12 11:00:00,283.8,76,broken clouds,1005,5.14,230,75
2024-10-12 12:00:00,283.09,83,broken clouds,1006,6.17,250,75
2024-10-12 13:00:00,284.31,77,broken clouds,1006,5.14,250,75
2024-10-12 14:00:00,284.62,65,light rain,1005,10.29,280,40
2024-10-12 15:00:00,283.54,73,scattered clouds,1006,9.77,280,40
2024-10-12 16:00:00,284.41,59,scattered clouds,1007,10.8,290,40
2024-10-12 17:00:00,283.68,60,scattered clouds,1008,9.77,300,40
2024-10-12 18:00:00,282.04,67,scattered clouds,1009,11.32,310,40
2024-10-12 19:00:00,280.72,74,few clouds,1011,6.69,290,20
2024-10-10 20:00:00,278.85,75,few clouds,1014,2.06,250,20
2024-10-10 21:00:00,278.15,77,few clouds,1015,2.57,270,20
2024-10-10 22:00:00,278.22,78,clear sky,1015,3.09,270,0
2024-10-10 23:00:00,277.63,82,clear sky,1016,3.6,270,0
2024-10-11 00:00:00,277.89,83,clear sky,1016,2.57,260,0
2024-10-11 01:00:00,277.52,85,clear sky,1016,2.06,250,0
2024-10-11 02:00:00,277.49,86,clear sky,1016,2.57,250,0
2024-10-11 03:00:00,277.11,88,clear sky,1016,2.57,260,0
2024-10-11 04:00:00,277.57,89,clear sky,1016,2.57,260,0
2024-10-11 05:00:00,277.35,89,clear sky,1016,3.6,250,0
2024-10-11 06:00:00,277.56,89,clear sky,1016,3.09,240,0
2024-10-11 07:00:00,277.36,90,clear sky,1016,2.57,240,0
2024-10-11 08:00:00,277.04,90,few clouds,1016,3.09,250,20
2024-10-11 09:00:00,277.93,89,few clouds,1017,4.12,220,20
2024-10-11 10:00:00,280.37,83,few clouds,1017,3.6,220,20
2024-10-11 11:00:00,282.12,76,few clouds,1017,5.14,220,20
